{"cameraMode":{"drawMode":0,"name":"Shaded","section":"Shading Mode"},"sceneLighting":true,"audioPlay":false,"sceneViewState":{"showFog":true,"showMaterialUpdate":false,"showSkybox":true,"showFlares":true,"showImageEffects":true,"showParticleSystems":true},"in2DMode":false,"pivot":{"x":22.741601943969728,"y":-3.1384379863739015,"z":-5.651339530944824},"rotation":{"x":-0.04305817931890488,"y":-0.7584050297737122,"z":0.05036412179470062,"w":-0.6484346389770508},"size":12.815726280212403,"orthographic":false}