{"cameraMode":{"drawMode":0,"name":"Shaded","section":"Shading Mode"},"sceneLighting":true,"audioPlay":false,"sceneViewState":{"showFog":true,"showMaterialUpdate":false,"showSkybox":true,"showFlares":true,"showImageEffects":true,"showParticleSystems":true},"in2DMode":false,"pivot":{"x":-3.8696062564849855,"y":3.799175977706909,"z":79.33332061767578},"rotation":{"x":-0.07094656676054001,"y":-0.6148610711097717,"z":0.05568038672208786,"w":-0.7834648489952087},"size":4.8814496994018559,"orthographic":false}