{"cameraMode":{"drawMode":0,"name":"Shaded","section":"Shading Mode"},"sceneLighting":false,"audioPlay":false,"sceneViewState":{"showFog":true,"showMaterialUpdate":false,"showSkybox":false,"showFlares":true,"showImageEffects":true,"showParticleSystems":true},"in2DMode":false,"pivot":{"x":14.637717247009278,"y":0.7845392823219299,"z":-0.7967445254325867},"rotation":{"x":-0.15184180438518525,"y":-0.5339707732200623,"z":0.09816697984933853,"w":-0.8259532451629639},"size":1.9216614961624146,"orthographic":false}