{"cameraMode":{"drawMode":0,"name":"Shaded","section":"Shading Mode"},"sceneLighting":true,"audioPlay":false,"sceneViewState":{"showFog":true,"showMaterialUpdate":false,"showSkybox":true,"showFlares":true,"showImageEffects":true,"showParticleSystems":true},"in2DMode":false,"pivot":{"x":5.856362342834473,"y":0.32359275221824648,"z":5.1011152267456059},"rotation":{"x":0.05712434649467468,"y":0.8851656317710877,"z":-0.11293293535709381,"w":0.4477378726005554},"size":0.000017073167327907868,"orthographic":false}