{"cameraMode":{"drawMode":0,"name":"Shaded","section":"Shading Mode"},"sceneLighting":false,"audioPlay":false,"sceneViewState":{"showFog":true,"showMaterialUpdate":false,"showSkybox":false,"showFlares":true,"showImageEffects":true,"showParticleSystems":true},"in2DMode":false,"pivot":{"x":-11.04284381866455,"y":-2.1116364002227785,"z":4.386345863342285},"rotation":{"x":0.0354258194565773,"y":-0.9553547501564026,"z":0.1283029466867447,"w":0.2637834846973419},"size":6.135257244110107,"orthographic":false}