{"cameraMode":{"drawMode":0,"name":"Shaded","section":"Shading Mode"},"sceneLighting":true,"audioPlay":false,"sceneViewState":{"showFog":true,"showMaterialUpdate":false,"showSkybox":true,"showFlares":true,"showImageEffects":true,"showParticleSystems":true},"in2DMode":false,"pivot":{"x":2.5062220096588136,"y":4.619157791137695,"z":-10.380021095275879},"rotation":{"x":-0.043878860771656039,"y":0.09725110977888107,"z":0.0042907679453492168,"w":0.9942917823791504},"size":15.500895500183106,"orthographic":false}